driver_number,position,date,session_key,year,full_name,team_name
81,20,2023-03-05 15:27:44.849000+00:00,7953,2023,Oscar PIASTRI,McLaren
1,1,2023-03-05 15:33:28.905000+00:00,7953,2023,Max VERSTAPPEN,Red Bull Racing
11,2,2023-03-05 15:46:43.484000+00:00,7953,2023,Sergio PEREZ,Red Bull Racing
44,5,2023-03-05 16:10:15.084000+00:00,7953,2023,Lewis HAMILTON,Ferrari
18,6,2023-03-05 16:10:21.724000+00:00,7953,2023,Lance STROLL,Aston Martin
63,7,2023-03-05 16:10:23.568000+00:00,7953,2023,George RUSSELL,Mercedes
77,8,2023-03-05 16:10:47.349000+00:00,7953,2023,Valtteri BOTTAS,Kick Sauber
16,19,2023-03-05 16:12:25.082000+00:00,7953,2023,Charles LECLERC,Ferrari
10,9,2023-03-05 16:14:38.282000+00:00,7953,2023,Pierre GASLY,Alpine
23,10,2023-03-05 16:14:38.282000+00:00,7953,2023,Alexander ALBON,Williams
22,11,2023-03-05 16:14:43.392000+00:00,7953,2023,Yuki TSUNODA,Red Bull Racing
4,17,2023-03-05 16:15:38.375000+00:00,7953,2023,Lando NORRIS,McLaren
31,18,2023-03-05 16:15:38.375000+00:00,7953,2023,Esteban OCON,Haas F1 Team
14,3,2023-03-05 16:18:48.793000+00:00,7953,2023,Fernando ALONSO,Aston Martin
55,4,2023-03-05 16:18:48.793000+00:00,7953,2023,Carlos SAINZ,Williams
2,12,2023-03-05 16:22:56.617000+00:00,7953,2023,Logan SARGEANT,Williams
20,13,2023-03-05 16:36:13.525000+00:00,7953,2023,Kevin MAGNUSSEN,Haas F1 Team
21,14,2023-03-05 16:36:18.915000+00:00,7953,2023,Maxwell ESTERSON,
24,16,2023-03-05 16:36:20.243000+00:00,7953,2023,ZHOU Guanyu,Kick Sauber
27,15,2023-03-05 16:36:20.243000+00:00,7953,2023,Nico HULKENBERG,Kick Sauber
11,1,2023-03-19 17:10:14.663000+00:00,7779,2023,Sergio PEREZ,Red Bull Racing
18,20,2023-03-19 17:32:10.405000+00:00,7779,2023,Lance STROLL,Aston Martin
16,7,2023-03-19 17:33:44.356000+00:00,7779,2023,Charles LECLERC,Ferrari
27,12,2023-03-19 17:40:22.068000+00:00,7779,2023,Nico HULKENBERG,Kick Sauber
44,5,2023-03-19 17:41:53.410000+00:00,7779,2023,Lewis HAMILTON,Ferrari
55,6,2023-03-19 17:41:53.410000+00:00,7779,2023,Carlos SAINZ,Williams
63,4,2023-03-19 17:43:26.346000+00:00,7779,2023,George RUSSELL,Mercedes
31,8,2023-03-19 17:45:07.266000+00:00,7779,2023,Esteban OCON,Haas F1 Team
1,2,2023-03-19 17:46:33.499000+00:00,7779,2023,Max VERSTAPPEN,Red Bull Racing
14,3,2023-03-19 17:46:33.499000+00:00,7779,2023,Fernando ALONSO,Aston Martin
10,9,2023-03-19 17:46:44.264000+00:00,7779,2023,Pierre GASLY,Alpine
23,19,2023-03-19 17:50:07.026000+00:00,7779,2023,Alexander ALBON,Williams
77,18,2023-03-19 17:50:07.026000+00:00,7779,2023,Valtteri BOTTAS,Kick Sauber
24,13,2023-03-19 18:07:28.835000+00:00,7779,2023,ZHOU Guanyu,Kick Sauber
21,14,2023-03-19 18:12:16.018000+00:00,7779,2023,Maxwell ESTERSON,
20,10,2023-03-19 18:19:55.275000+00:00,7779,2023,Kevin MAGNUSSEN,Haas F1 Team
22,11,2023-03-19 18:19:55.275000+00:00,7779,2023,Yuki TSUNODA,Red Bull Racing
4,17,2023-03-19 18:23:22.006000+00:00,7779,2023,Lando NORRIS,McLaren
2,16,2023-03-19 18:26:30.909000+00:00,7779,2023,Logan SARGEANT,Williams
81,15,2023-03-19 18:26:30.909000+00:00,7779,2023,Oscar PIASTRI,McLaren
16,20,2023-04-02 05:04:03.949000+00:00,7787,2023,Charles LECLERC,Ferrari
14,3,2023-04-02 05:15:10.269000+00:00,7787,2023,Fernando ALONSO,Aston Martin
23,19,2023-04-02 05:15:40.785000+00:00,7787,2023,Alexander ALBON,Williams
1,1,2023-04-02 05:41:03.455000+00:00,7787,2023,Max VERSTAPPEN,Red Bull Racing
44,2,2023-04-02 05:41:03.455000+00:00,7787,2023,Lewis HAMILTON,Ferrari
63,18,2023-04-02 05:50:08.917000+00:00,7787,2023,George RUSSELL,Mercedes
20,17,2023-04-02 06:39:53.148000+00:00,7787,2023,Kevin MAGNUSSEN,Haas F1 Team
2,16,2023-04-02 07:00:04.900000+00:00,7787,2023,Logan SARGEANT,Williams
21,15,2023-04-02 07:00:04.900000+00:00,7787,2023,Maxwell ESTERSON,
10,13,2023-04-02 07:33:29.049000+00:00,7787,2023,Pierre GASLY,Alpine
31,14,2023-04-02 07:33:29.049000+00:00,7787,2023,Esteban OCON,Haas F1 Team
27,7,2023-04-02 07:36:02.579000+00:00,7787,2023,Nico HULKENBERG,Kick Sauber
11,5,2023-04-02 07:36:02.579000+00:00,7787,2023,Sergio PEREZ,Red Bull Racing
4,6,2023-04-02 07:36:02.579000+00:00,7787,2023,Lando NORRIS,McLaren
18,4,2023-04-02 07:36:02.579000+00:00,7787,2023,Lance STROLL,Aston Martin
81,8,2023-04-02 07:36:02.735000+00:00,7787,2023,Oscar PIASTRI,McLaren
24,9,2023-04-02 07:36:03.079000+00:00,7787,2023,ZHOU Guanyu,Kick Sauber
22,10,2023-04-02 07:36:03.407000+00:00,7787,2023,Yuki TSUNODA,Red Bull Racing
55,12,2023-04-02 07:36:03.969000+00:00,7787,2023,Carlos SAINZ,Williams
77,11,2023-04-02 07:36:03.969000+00:00,7787,2023,Valtteri BOTTAS,Kick Sauber
55,5,2023-04-29 12:48:47.837000+00:00,9069,2023,Carlos SAINZ,Williams
22,19,2023-04-29 13:36:02.397000+00:00,9069,2023,Yuki TSUNODA,Red Bull Racing
63,4,2023-04-29 13:48:11.264000+00:00,9069,2023,George RUSSELL,Mercedes
1,3,2023-04-29 13:48:11.264000+00:00,9069,2023,Max VERSTAPPEN,Red Bull Racing
44,7,2023-04-29 13:48:14.529000+00:00,9069,2023,Lewis HAMILTON,Ferrari
14,6,2023-04-29 13:48:14.529000+00:00,9069,2023,Fernando ALONSO,Aston Martin
11,1,2023-04-29 13:51:39.371000+00:00,9069,2023,Sergio PEREZ,Red Bull Racing
16,2,2023-04-29 13:51:39.371000+00:00,9069,2023,Charles LECLERC,Ferrari
81,10,2023-04-29 13:51:49.121000+00:00,9069,2023,Oscar PIASTRI,McLaren
20,11,2023-04-29 13:57:10.304000+00:00,9069,2023,Kevin MAGNUSSEN,Haas F1 Team
23,9,2023-04-29 13:58:48.632000+00:00,9069,2023,Alexander ALBON,Williams
18,8,2023-04-29 13:58:48.632000+00:00,9069,2023,Lance STROLL,Aston Martin
24,12,2023-04-29 14:00:47.083000+00:00,9069,2023,ZHOU Guanyu,Kick Sauber
10,13,2023-04-29 14:00:47.208000+00:00,9069,2023,Pierre GASLY,Alpine
4,17,2023-04-29 14:01:08.255000+00:00,9069,2023,Lando NORRIS,McLaren
31,18,2023-04-29 14:01:08.255000+00:00,9069,2023,Esteban OCON,Haas F1 Team
27,15,2023-04-29 14:02:39.582000+00:00,9069,2023,Nico HULKENBERG,Kick Sauber
21,14,2023-04-29 14:02:39.582000+00:00,9069,2023,Maxwell ESTERSON,
77,16,2023-04-29 14:02:39.582000+00:00,9069,2023,Valtteri BOTTAS,Kick Sauber
11,1,2023-04-30 11:21:59.411000+00:00,9070,2023,Sergio PEREZ,Red Bull Racing
21,20,2023-04-30 11:23:03.910000+00:00,9070,2023,Maxwell ESTERSON,
1,2,2023-04-30 11:31:51.400000+00:00,9070,2023,Max VERSTAPPEN,Red Bull Racing
16,3,2023-04-30 11:31:51.400000+00:00,9070,2023,Charles LECLERC,Ferrari
14,4,2023-04-30 11:31:53.900000+00:00,9070,2023,Fernando ALONSO,Aston Martin
55,5,2023-04-30 11:31:53.900000+00:00,9070,2023,Carlos SAINZ,Williams
63,8,2023-04-30 11:33:43.211000+00:00,9070,2023,George RUSSELL,Mercedes
18,7,2023-04-30 11:40:51.312000+00:00,9070,2023,Lance STROLL,Aston Martin
44,6,2023-04-30 11:40:51.312000+00:00,9070,2023,Lewis HAMILTON,Ferrari
24,19,2023-04-30 12:13:53.980000+00:00,9070,2023,ZHOU Guanyu,Kick Sauber
77,18,2023-04-30 12:13:53.980000+00:00,9070,2023,Valtteri BOTTAS,Kick Sauber
4,9,2023-04-30 12:36:19.940000+00:00,9070,2023,Lando NORRIS,McLaren
2,16,2023-04-30 12:36:40.236000+00:00,9070,2023,Logan SARGEANT,Williams
27,17,2023-04-30 12:36:40.236000+00:00,9070,2023,Nico HULKENBERG,Kick Sauber
22,10,2023-04-30 12:38:09.828000+00:00,9070,2023,Yuki TSUNODA,Red Bull Racing
81,11,2023-04-30 12:38:12.469000+00:00,9070,2023,Oscar PIASTRI,McLaren
23,12,2023-04-30 12:38:14.578000+00:00,9070,2023,Alexander ALBON,Williams
20,13,2023-04-30 12:38:15.688000+00:00,9070,2023,Kevin MAGNUSSEN,Haas F1 Team
10,14,2023-04-30 12:38:17.312000+00:00,9070,2023,Pierre GASLY,Alpine
31,15,2023-04-30 12:38:17.312000+00:00,9070,2023,Esteban OCON,Haas F1 Team
2,20,2023-05-07 19:37:11.743000+00:00,9078,2023,Logan SARGEANT,Williams
14,3,2023-05-07 20:19:04.464000+00:00,9078,2023,Fernando ALONSO,Aston Martin
21,18,2023-05-07 20:21:18.088000+00:00,9078,2023,Maxwell ESTERSON,
81,19,2023-05-07 20:21:18.088000+00:00,9078,2023,Oscar PIASTRI,McLaren
55,5,2023-05-07 20:31:28.067000+00:00,9078,2023,Carlos SAINZ,Williams
63,4,2023-05-07 20:31:28.067000+00:00,9078,2023,George RUSSELL,Mercedes
31,9,2023-05-07 20:47:07.820000+00:00,9078,2023,Esteban OCON,Haas F1 Team
20,10,2023-05-07 20:47:07.820000+00:00,9078,2023,Kevin MAGNUSSEN,Haas F1 Team
27,15,2023-05-07 20:47:16.148000+00:00,9078,2023,Nico HULKENBERG,Kick Sauber
1,1,2023-05-07 20:47:51.914000+00:00,9078,2023,Max VERSTAPPEN,Red Bull Racing
11,2,2023-05-07 20:47:51.914000+00:00,9078,2023,Sergio PEREZ,Red Bull Racing
4,17,2023-05-07 20:48:56.460000+00:00,9078,2023,Lando NORRIS,McLaren
24,16,2023-05-07 20:48:56.460000+00:00,9078,2023,ZHOU Guanyu,Kick Sauber
23,14,2023-05-07 20:50:20.084000+00:00,9078,2023,Alexander ALBON,Williams
22,11,2023-05-07 20:51:50.911000+00:00,9078,2023,Yuki TSUNODA,Red Bull Racing
18,12,2023-05-07 20:53:23.863000+00:00,9078,2023,Lance STROLL,Aston Martin
77,13,2023-05-07 20:53:23.863000+00:00,9078,2023,Valtteri BOTTAS,Kick Sauber
10,8,2023-05-07 20:56:12.377000+00:00,9078,2023,Pierre GASLY,Alpine
16,7,2023-05-07 20:57:43.688000+00:00,9078,2023,Charles LECLERC,Ferrari
44,6,2023-05-07 20:57:43.688000+00:00,9078,2023,Lewis HAMILTON,Ferrari
1,1,2023-05-28 12:01:06.820000+00:00,9094,2023,Max VERSTAPPEN,Red Bull Racing
14,2,2023-05-28 12:01:06.820000+00:00,9094,2023,Fernando ALONSO,Aston Martin
31,3,2023-05-28 14:16:14.020000+00:00,9094,2023,Esteban OCON,Haas F1 Team
44,4,2023-05-28 14:16:15.223000+00:00,9094,2023,Lewis HAMILTON,Ferrari
63,5,2023-05-28 14:16:23.910000+00:00,9094,2023,George RUSSELL,Mercedes
16,6,2023-05-28 14:16:28.676000+00:00,9094,2023,Charles LECLERC,Ferrari
10,7,2023-05-28 14:16:31.066000+00:00,9094,2023,Pierre GASLY,Alpine
55,8,2023-05-28 14:16:31.066000+00:00,9094,2023,Carlos SAINZ,Williams
18,20,2023-05-28 14:17:06.050000+00:00,9094,2023,Lance STROLL,Aston Martin
2,18,2023-05-28 14:20:29.422000+00:00,9094,2023,Logan SARGEANT,Williams
20,19,2023-05-28 14:20:29.422000+00:00,9094,2023,Kevin MAGNUSSEN,Haas F1 Team
4,9,2023-05-28 14:37:27.075000+00:00,9094,2023,Lando NORRIS,McLaren
81,10,2023-05-28 14:39:04.214000+00:00,9094,2023,Oscar PIASTRI,McLaren
77,11,2023-05-28 14:39:08.776000+00:00,9094,2023,Valtteri BOTTAS,Kick Sauber
21,12,2023-05-28 14:39:34.932000+00:00,9094,2023,Maxwell ESTERSON,
24,13,2023-05-28 14:41:23.227000+00:00,9094,2023,ZHOU Guanyu,Kick Sauber
22,15,2023-05-28 14:41:23.649000+00:00,9094,2023,Yuki TSUNODA,Red Bull Racing
23,14,2023-05-28 14:41:23.649000+00:00,9094,2023,Alexander ALBON,Williams
11,16,2023-05-28 14:52:45.231000+00:00,9094,2023,Sergio PEREZ,Red Bull Racing
27,17,2023-05-28 14:52:45.231000+00:00,9094,2023,Nico HULKENBERG,Kick Sauber
1,1,2023-06-04 12:01:08.286000+00:00,9102,2023,Max VERSTAPPEN,Red Bull Racing
44,2,2023-06-04 13:41:18.412000+00:00,9102,2023,Lewis HAMILTON,Ferrari
21,14,2023-06-04 14:03:35.732000+00:00,9102,2023,Maxwell ESTERSON,
18,6,2023-06-04 14:04:34.809000+00:00,9102,2023,Lance STROLL,Aston Martin
63,3,2023-06-04 14:12:09.863000+00:00,9102,2023,George RUSSELL,Mercedes
31,8,2023-06-04 14:12:33.894000+00:00,9102,2023,Esteban OCON,Haas F1 Team
14,7,2023-06-04 14:12:33.894000+00:00,9102,2023,Fernando ALONSO,Aston Martin
81,13,2023-06-04 14:12:45.535000+00:00,9102,2023,Oscar PIASTRI,McLaren
27,15,2023-06-04 14:13:01.925000+00:00,9102,2023,Nico HULKENBERG,Kick Sauber
23,16,2023-06-04 14:13:10.128000+00:00,9102,2023,Alexander ALBON,Williams
11,4,2023-06-04 14:14:54.939000+00:00,9102,2023,Sergio PEREZ,Red Bull Racing
55,5,2023-06-04 14:14:54.939000+00:00,9102,2023,Carlos SAINZ,Williams
2,20,2023-06-04 14:26:41.223000+00:00,9102,2023,Logan SARGEANT,Williams
77,19,2023-06-04 14:26:41.223000+00:00,9102,2023,Valtteri BOTTAS,Kick Sauber
4,17,2023-06-04 14:30:25.703000+00:00,9102,2023,Lando NORRIS,McLaren
20,18,2023-06-04 14:30:25.703000+00:00,9102,2023,Kevin MAGNUSSEN,Haas F1 Team
24,9,2023-06-04 14:32:26.045000+00:00,9102,2023,ZHOU Guanyu,Kick Sauber
10,10,2023-06-04 14:32:27.717000+00:00,9102,2023,Pierre GASLY,Alpine
16,11,2023-06-04 14:32:28.654000+00:00,9102,2023,Charles LECLERC,Ferrari
22,12,2023-06-04 14:32:28.654000+00:00,9102,2023,Yuki TSUNODA,Red Bull Racing
1,1,2023-06-18 17:01:08.190000+00:00,9110,2023,Max VERSTAPPEN,Red Bull Racing
2,20,2023-06-18 18:13:01.801000+00:00,9110,2023,Logan SARGEANT,Williams
16,4,2023-06-18 18:19:31.482000+00:00,9110,2023,Charles LECLERC,Ferrari
55,5,2023-06-18 18:19:33.013000+00:00,9110,2023,Carlos SAINZ,Williams
44,3,2023-06-18 18:35:39.714000+00:00,9110,2023,Lewis HAMILTON,Ferrari
14,2,2023-06-18 18:35:39.714000+00:00,9110,2023,Fernando ALONSO,Aston Martin
11,6,2023-06-18 18:58:04.816000+00:00,9110,2023,Sergio PEREZ,Red Bull Racing
23,7,2023-06-18 18:58:04.816000+00:00,9110,2023,Alexander ALBON,Williams
31,8,2023-06-18 19:17:31.264000+00:00,9110,2023,Esteban OCON,Haas F1 Team
22,14,2023-06-18 19:17:44.873000+00:00,9110,2023,Yuki TSUNODA,Red Bull Racing
27,15,2023-06-18 19:17:51.748000+00:00,9110,2023,Nico HULKENBERG,Kick Sauber
24,16,2023-06-18 19:17:54.764000+00:00,9110,2023,ZHOU Guanyu,Kick Sauber
20,17,2023-06-18 19:19:03.434000+00:00,9110,2023,Kevin MAGNUSSEN,Haas F1 Team
21,18,2023-06-18 19:19:03.965000+00:00,9110,2023,Maxwell ESTERSON,
63,19,2023-06-18 19:19:03.965000+00:00,9110,2023,George RUSSELL,Mercedes
18,9,2023-06-18 19:38:08.524000+00:00,9110,2023,Lance STROLL,Aston Martin
77,10,2023-06-18 19:38:08.805000+00:00,9110,2023,Valtteri BOTTAS,Kick Sauber
81,11,2023-06-18 19:38:09.242000+00:00,9110,2023,Oscar PIASTRI,McLaren
4,13,2023-06-18 19:38:09.789000+00:00,9110,2023,Lando NORRIS,McLaren
10,12,2023-06-18 19:38:09.789000+00:00,9110,2023,Pierre GASLY,Alpine
1,1,2023-07-23 13:03:40.366000+00:00,9133,2023,Max VERSTAPPEN,Red Bull Racing
10,20,2023-07-23 13:03:44.929000+00:00,9133,2023,Pierre GASLY,Alpine
31,19,2023-07-23 13:03:46.944000+00:00,9133,2023,Esteban OCON,Haas F1 Team
14,9,2023-07-23 14:04:39.917000+00:00,9133,2023,Fernando ALONSO,Aston Martin
18,10,2023-07-23 14:05:03.651000+00:00,9133,2023,Lance STROLL,Aston Martin
23,11,2023-07-23 14:08:01.507000+00:00,9133,2023,Alexander ALBON,Williams
77,12,2023-07-23 14:08:02.351000+00:00,9133,2023,Valtteri BOTTAS,Kick Sauber
3,13,2023-07-23 14:08:04.757000+00:00,9133,2023,Daniel RICCIARDO,RB
27,14,2023-07-23 14:08:08.944000+00:00,9133,2023,Nico HULKENBERG,Kick Sauber
4,2,2023-07-23 14:12:41.690000+00:00,9133,2023,Lando NORRIS,McLaren
11,3,2023-07-23 14:14:12.454000+00:00,9133,2023,Sergio PEREZ,Red Bull Racing
44,4,2023-07-23 14:24:02.771000+00:00,9133,2023,Lewis HAMILTON,Ferrari
81,5,2023-07-23 14:24:02.771000+00:00,9133,2023,Oscar PIASTRI,McLaren
55,8,2023-07-23 14:35:25.212000+00:00,9133,2023,Carlos SAINZ,Williams
22,15,2023-07-23 14:39:18.130000+00:00,9133,2023,Yuki TSUNODA,Red Bull Racing
24,16,2023-07-23 14:39:25.505000+00:00,9133,2023,ZHOU Guanyu,Kick Sauber
2,18,2023-07-23 14:41:12.050000+00:00,9133,2023,Logan SARGEANT,Williams
20,17,2023-07-23 14:41:12.050000+00:00,9133,2023,Kevin MAGNUSSEN,Haas F1 Team
16,7,2023-07-23 14:42:20.892000+00:00,9133,2023,Charles LECLERC,Ferrari
63,6,2023-07-23 14:42:20.892000+00:00,9133,2023,George RUSSELL,Mercedes
10,3,2023-07-29 15:55:11.950000+00:00,9140,2023,Pierre GASLY,Alpine
14,20,2023-07-29 15:57:54.714000+00:00,9140,2023,Fernando ALONSO,Aston Martin
1,1,2023-07-29 16:05:30.428000+00:00,9140,2023,Max VERSTAPPEN,Red Bull Racing
81,2,2023-07-29 16:05:30.428000+00:00,9140,2023,Oscar PIASTRI,McLaren
18,11,2023-07-29 16:07:44.801000+00:00,9140,2023,Lance STROLL,Aston Martin
23,12,2023-07-29 16:07:45.989000+00:00,9140,2023,Alexander ALBON,Williams
77,13,2023-07-29 16:07:46.567000+00:00,9140,2023,Valtteri BOTTAS,Kick Sauber
11,19,2023-07-29 16:09:57.987000+00:00,9140,2023,Sergio PEREZ,Red Bull Racing
22,18,2023-07-29 16:09:57.987000+00:00,9140,2023,Yuki TSUNODA,Red Bull Racing
63,8,2023-07-29 16:11:48.955000+00:00,9140,2023,George RUSSELL,Mercedes
55,4,2023-07-29 16:15:51.202000+00:00,9140,2023,Carlos SAINZ,Williams
16,5,2023-07-29 16:15:51.530000+00:00,9140,2023,Charles LECLERC,Ferrari
4,6,2023-07-29 16:15:52.593000+00:00,9140,2023,Lando NORRIS,McLaren
44,7,2023-07-29 16:15:52.593000+00:00,9140,2023,Lewis HAMILTON,Ferrari
3,10,2023-07-29 16:15:58.858000+00:00,9140,2023,Daniel RICCIARDO,RB
31,9,2023-07-29 16:15:58.858000+00:00,9140,2023,Esteban OCON,Haas F1 Team
27,17,2023-07-29 16:16:09.093000+00:00,9140,2023,Nico HULKENBERG,Kick Sauber
20,14,2023-07-29 16:16:09.483000+00:00,9140,2023,Kevin MAGNUSSEN,Haas F1 Team
2,16,2023-07-29 16:16:12.842000+00:00,9140,2023,Logan SARGEANT,Williams
24,15,2023-07-29 16:16:12.842000+00:00,9140,2023,ZHOU Guanyu,Kick Sauber
2,20,2023-08-27 13:10:21.278000+00:00,9149,2023,Logan SARGEANT,Williams
1,1,2023-08-27 13:22:23.234000+00:00,9149,2023,Max VERSTAPPEN,Red Bull Racing
16,19,2023-08-27 14:04:05.237000+00:00,9149,2023,Charles LECLERC,Ferrari
4,7,2023-08-27 14:29:40.256000+00:00,9149,2023,Lando NORRIS,McLaren
14,2,2023-08-27 14:31:01.802000+00:00,9149,2023,Fernando ALONSO,Aston Martin
24,18,2023-08-27 14:32:51.253000+00:00,9149,2023,ZHOU Guanyu,Kick Sauber
44,6,2023-08-27 15:16:40.753000+00:00,9149,2023,Lewis HAMILTON,Ferrari
55,5,2023-08-27 15:16:40.753000+00:00,9149,2023,Carlos SAINZ,Williams
23,8,2023-08-27 15:20:30.046000+00:00,9149,2023,Alexander ALBON,Williams
81,9,2023-08-27 15:20:30.749000+00:00,9149,2023,Oscar PIASTRI,McLaren
31,10,2023-08-27 15:20:32.108000+00:00,9149,2023,Esteban OCON,Haas F1 Team
18,11,2023-08-27 15:20:33.296000+00:00,9149,2023,Lance STROLL,Aston Martin
27,12,2023-08-27 15:20:34.561000+00:00,9149,2023,Nico HULKENBERG,Kick Sauber
63,17,2023-08-27 15:20:36.202000+00:00,9149,2023,George RUSSELL,Mercedes
10,3,2023-08-27 15:27:17.273000+00:00,9149,2023,Pierre GASLY,Alpine
11,4,2023-08-27 15:27:17.273000+00:00,9149,2023,Sergio PEREZ,Red Bull Racing
40,13,2023-08-27 15:27:36.210000+00:00,9149,2023,Ayumu IWASA,RB
20,14,2023-08-27 15:27:36.491000+00:00,9149,2023,Kevin MAGNUSSEN,Haas F1 Team
22,16,2023-08-27 15:27:37.444000+00:00,9149,2023,Yuki TSUNODA,Red Bull Racing
77,15,2023-08-27 15:27:37.444000+00:00,9149,2023,Valtteri BOTTAS,Kick Sauber
55,1,2023-09-17 11:01:04.137000+00:00,9165,2023,Carlos SAINZ,Williams
22,19,2023-09-17 12:05:40.125000+00:00,9165,2023,Yuki TSUNODA,Red Bull Racing
31,18,2023-09-17 13:19:41.778000+00:00,9165,2023,Esteban OCON,Haas F1 Team
4,2,2023-09-17 13:20:24.933000+00:00,9165,2023,Lando NORRIS,McLaren
77,17,2023-09-17 13:35:16.470000+00:00,9165,2023,Valtteri BOTTAS,Kick Sauber
44,3,2023-09-17 13:50:23.725000+00:00,9165,2023,Lewis HAMILTON,Ferrari
16,4,2023-09-17 13:50:43.553000+00:00,9165,2023,Charles LECLERC,Ferrari
1,5,2023-09-17 13:50:43.835000+00:00,9165,2023,Max VERSTAPPEN,Red Bull Racing
10,6,2023-09-17 13:51:00.819000+00:00,9165,2023,Pierre GASLY,Alpine
81,7,2023-09-17 13:51:03.991000+00:00,9165,2023,Oscar PIASTRI,McLaren
11,8,2023-09-17 13:51:16.912000+00:00,9165,2023,Sergio PEREZ,Red Bull Racing
40,9,2023-09-17 13:51:28.303000+00:00,9165,2023,Ayumu IWASA,RB
20,10,2023-09-17 13:51:34.506000+00:00,9165,2023,Kevin MAGNUSSEN,Haas F1 Team
23,11,2023-09-17 13:51:35.771000+00:00,9165,2023,Alexander ALBON,Williams
24,12,2023-09-17 13:51:46.037000+00:00,9165,2023,ZHOU Guanyu,Kick Sauber
27,13,2023-09-17 13:51:48.615000+00:00,9165,2023,Nico HULKENBERG,Kick Sauber
2,14,2023-09-17 13:51:49.271000+00:00,9165,2023,Logan SARGEANT,Williams
14,15,2023-09-17 13:51:49.974000+00:00,9165,2023,Fernando ALONSO,Aston Martin
63,16,2023-09-17 13:51:49.974000+00:00,9165,2023,George RUSSELL,Mercedes
77,20,2023-09-24 05:20:24.266000+00:00,9173,2023,Valtteri BOTTAS,Kick Sauber
11,19,2023-09-24 05:30:46.255000+00:00,9173,2023,Sergio PEREZ,Red Bull Racing
1,1,2023-09-24 05:39:46.902000+00:00,9173,2023,Max VERSTAPPEN,Red Bull Racing
23,16,2023-09-24 05:44:07.772000+00:00,9173,2023,Alexander ALBON,Williams
18,18,2023-09-24 05:44:18.100000+00:00,9173,2023,Lance STROLL,Aston Martin
2,17,2023-09-24 05:44:18.100000+00:00,9173,2023,Logan SARGEANT,Williams
20,15,2023-09-24 06:02:22.971000+00:00,9173,2023,Kevin MAGNUSSEN,Haas F1 Team
14,8,2023-09-24 06:06:44.936000+00:00,9173,2023,Fernando ALONSO,Aston Martin
40,11,2023-09-24 06:12:05.414000+00:00,9173,2023,Ayumu IWASA,RB
22,12,2023-09-24 06:12:07.742000+00:00,9173,2023,Yuki TSUNODA,Red Bull Racing
24,13,2023-09-24 06:12:13.883000+00:00,9173,2023,ZHOU Guanyu,Kick Sauber
27,14,2023-09-24 06:12:13.883000+00:00,9173,2023,Nico HULKENBERG,Kick Sauber
4,2,2023-09-24 06:12:53.992000+00:00,9173,2023,Lando NORRIS,McLaren
81,3,2023-09-24 06:17:51.736000+00:00,9173,2023,Oscar PIASTRI,McLaren
16,4,2023-09-24 06:22:47.387000+00:00,9173,2023,Charles LECLERC,Ferrari
44,5,2023-09-24 06:29:23.677000+00:00,9173,2023,Lewis HAMILTON,Ferrari
55,6,2023-09-24 06:31:02.519000+00:00,9173,2023,Carlos SAINZ,Williams
63,7,2023-09-24 06:31:02.519000+00:00,9173,2023,George RUSSELL,Mercedes
10,10,2023-09-24 06:36:23.732000+00:00,9173,2023,Pierre GASLY,Alpine
31,9,2023-09-24 06:36:23.732000+00:00,9173,2023,Esteban OCON,Haas F1 Team
40,20,2023-10-07 17:34:20.492000+00:00,9220,2023,Ayumu IWASA,RB
2,19,2023-10-07 17:39:51.269000+00:00,9220,2023,Logan SARGEANT,Williams
81,1,2023-10-07 17:54:06.104000+00:00,9220,2023,Oscar PIASTRI,McLaren
11,18,2023-10-07 17:54:30.791000+00:00,9220,2023,Sergio PEREZ,Red Bull Racing
27,16,2023-10-07 17:55:10.447000+00:00,9220,2023,Nico HULKENBERG,Kick Sauber
31,17,2023-10-07 17:55:10.447000+00:00,9220,2023,Esteban OCON,Haas F1 Team
18,13,2023-10-07 17:56:50.867000+00:00,9220,2023,Lance STROLL,Aston Martin
22,12,2023-10-07 17:56:50.867000+00:00,9220,2023,Yuki TSUNODA,Red Bull Racing
1,2,2023-10-07 18:04:25.097000+00:00,9220,2023,Max VERSTAPPEN,Red Bull Racing
77,11,2023-10-07 18:04:32.972000+00:00,9220,2023,Valtteri BOTTAS,Kick Sauber
10,10,2023-10-07 18:07:32.016000+00:00,9220,2023,Pierre GASLY,Alpine
4,3,2023-10-07 18:08:49.547000+00:00,9220,2023,Lando NORRIS,McLaren
63,4,2023-10-07 18:08:49.547000+00:00,9220,2023,George RUSSELL,Mercedes
44,5,2023-10-07 18:08:58.234000+00:00,9220,2023,Lewis HAMILTON,Ferrari
16,7,2023-10-07 18:08:58.234000+00:00,9220,2023,Charles LECLERC,Ferrari
55,6,2023-10-07 18:08:58.234000+00:00,9220,2023,Carlos SAINZ,Williams
14,9,2023-10-07 18:09:00.906000+00:00,9220,2023,Fernando ALONSO,Aston Martin
23,8,2023-10-07 18:09:00.906000+00:00,9220,2023,Alexander ALBON,Williams
20,14,2023-10-07 18:09:05.890000+00:00,9220,2023,Kevin MAGNUSSEN,Haas F1 Team
24,15,2023-10-07 18:09:05.890000+00:00,9220,2023,ZHOU Guanyu,Kick Sauber
1,1,2023-10-08 16:01:06.129000+00:00,9221,2023,Max VERSTAPPEN,Red Bull Racing
44,19,2023-10-08 17:04:19.243000+00:00,9221,2023,Lewis HAMILTON,Ferrari
55,20,2023-10-08 17:04:19.243000+00:00,9221,2023,Carlos SAINZ,Williams
22,15,2023-10-08 18:09:18.153000+00:00,9221,2023,Yuki TSUNODA,Red Bull Racing
2,18,2023-10-08 18:09:36.653000+00:00,9221,2023,Logan SARGEANT,Williams
16,5,2023-10-08 18:14:37.290000+00:00,9221,2023,Charles LECLERC,Ferrari
27,16,2023-10-08 18:15:25.445000+00:00,9221,2023,Nico HULKENBERG,Kick Sauber
40,17,2023-10-08 18:15:25.445000+00:00,9221,2023,Ayumu IWASA,RB
81,2,2023-10-08 18:22:45.909000+00:00,9221,2023,Oscar PIASTRI,McLaren
4,3,2023-10-08 18:22:47.659000+00:00,9221,2023,Lando NORRIS,McLaren
63,4,2023-10-08 18:22:47.659000+00:00,9221,2023,George RUSSELL,Mercedes
14,6,2023-10-08 18:24:51.423000+00:00,9221,2023,Fernando ALONSO,Aston Martin
31,7,2023-10-08 18:26:25.172000+00:00,9221,2023,Esteban OCON,Haas F1 Team
77,8,2023-10-08 18:26:31.782000+00:00,9221,2023,Valtteri BOTTAS,Kick Sauber
18,11,2023-10-08 18:32:29.356000+00:00,9221,2023,Lance STROLL,Aston Martin
10,12,2023-10-08 18:32:29.356000+00:00,9221,2023,Pierre GASLY,Alpine
20,14,2023-10-08 18:32:34.231000+00:00,9221,2023,Kevin MAGNUSSEN,Haas F1 Team
23,13,2023-10-08 18:32:34.231000+00:00,9221,2023,Alexander ALBON,Williams
11,10,2023-10-08 18:36:39.040000+00:00,9221,2023,Sergio PEREZ,Red Bull Racing
24,9,2023-10-08 18:36:39.040000+00:00,9221,2023,ZHOU Guanyu,Kick Sauber
1,1,2023-10-21 21:09:05.598000+00:00,9212,2023,Max VERSTAPPEN,Red Bull Racing
16,3,2023-10-21 22:04:14.732000+00:00,9212,2023,Charles LECLERC,Ferrari
44,2,2023-10-21 22:04:14.732000+00:00,9212,2023,Lewis HAMILTON,Ferrari
31,11,2023-10-21 22:04:17.482000+00:00,9212,2023,Esteban OCON,Haas F1 Team
23,9,2023-10-21 22:14:01.319000+00:00,9212,2023,Alexander ALBON,Williams
81,10,2023-10-21 22:14:01.319000+00:00,9212,2023,Oscar PIASTRI,McLaren
4,4,2023-10-21 22:20:35.377000+00:00,9212,2023,Lando NORRIS,McLaren
11,5,2023-10-21 22:22:17.141000+00:00,9212,2023,Sergio PEREZ,Red Bull Racing
55,6,2023-10-21 22:22:17.141000+00:00,9212,2023,Carlos SAINZ,Williams
3,12,2023-10-21 22:27:36.481000+00:00,9212,2023,Daniel RICCIARDO,RB
14,13,2023-10-21 22:27:37.934000+00:00,9212,2023,Fernando ALONSO,Aston Martin
22,14,2023-10-21 22:31:03.932000+00:00,9212,2023,Yuki TSUNODA,Red Bull Racing
27,15,2023-10-21 22:31:09.010000+00:00,9212,2023,Nico HULKENBERG,Kick Sauber
20,18,2023-10-21 22:33:02.165000+00:00,9212,2023,Kevin MAGNUSSEN,Haas F1 Team
2,19,2023-10-21 22:33:02.571000+00:00,9212,2023,Logan SARGEANT,Williams
18,20,2023-10-21 22:33:02.571000+00:00,9212,2023,Lance STROLL,Aston Martin
10,7,2023-10-21 22:35:49.476000+00:00,9212,2023,Pierre GASLY,Alpine
63,8,2023-10-21 22:35:49.476000+00:00,9212,2023,George RUSSELL,Mercedes
24,17,2023-10-21 22:36:21.381000+00:00,9212,2023,ZHOU Guanyu,Kick Sauber
77,16,2023-10-21 22:36:21.381000+00:00,9212,2023,Valtteri BOTTAS,Kick Sauber
2,20,2023-11-04 17:36:11.146000+00:00,9204,2023,Logan SARGEANT,Williams
1,1,2023-11-04 18:33:44.592000+00:00,9204,2023,Max VERSTAPPEN,Red Bull Racing
55,8,2023-11-04 18:34:43.544000+00:00,9204,2023,Carlos SAINZ,Williams
4,2,2023-11-04 18:39:41.197000+00:00,9204,2023,Lando NORRIS,McLaren
11,3,2023-11-04 18:46:01.208000+00:00,9204,2023,Sergio PEREZ,Red Bull Racing
63,4,2023-11-04 18:46:01.208000+00:00,9204,2023,George RUSSELL,Mercedes
23,15,2023-11-04 18:46:15.614000+00:00,9204,2023,Alexander ALBON,Williams
31,14,2023-11-04 18:50:02.315000+00:00,9204,2023,Esteban OCON,Haas F1 Team
14,11,2023-11-04 18:52:35.469000+00:00,9204,2023,Fernando ALONSO,Aston Martin
10,13,2023-11-04 18:56:26.170000+00:00,9204,2023,Pierre GASLY,Alpine
18,12,2023-11-04 18:56:26.170000+00:00,9204,2023,Lance STROLL,Aston Martin
16,5,2023-11-04 19:00:07.730000+00:00,9204,2023,Charles LECLERC,Ferrari
22,6,2023-11-04 19:00:09.480000+00:00,9204,2023,Yuki TSUNODA,Red Bull Racing
44,7,2023-11-04 19:00:09.480000+00:00,9204,2023,Lewis HAMILTON,Ferrari
3,9,2023-11-04 19:00:15.214000+00:00,9204,2023,Daniel RICCIARDO,RB
81,10,2023-11-04 19:00:15.214000+00:00,9204,2023,Oscar PIASTRI,McLaren
20,16,2023-11-04 19:00:31.105000+00:00,9204,2023,Kevin MAGNUSSEN,Haas F1 Team
27,18,2023-11-04 19:03:09.759000+00:00,9204,2023,Nico HULKENBERG,Kick Sauber
24,17,2023-11-04 19:03:09.759000+00:00,9204,2023,ZHOU Guanyu,Kick Sauber
77,19,2023-11-04 19:03:09.759000+00:00,9204,2023,Valtteri BOTTAS,Kick Sauber
23,20,2023-11-05 17:03:56.872000+00:00,9205,2023,Alexander ALBON,Williams
20,19,2023-11-05 17:03:56.872000+00:00,9205,2023,Kevin MAGNUSSEN,Haas F1 Team
16,18,2023-11-05 17:03:58.465000+00:00,9205,2023,Charles LECLERC,Ferrari
24,17,2023-11-05 18:01:20.235000+00:00,9205,2023,ZHOU Guanyu,Kick Sauber
77,16,2023-11-05 18:23:17.564000+00:00,9205,2023,Valtteri BOTTAS,Kick Sauber
18,5,2023-11-05 18:41:02.630000+00:00,9205,2023,Lance STROLL,Aston Martin
55,6,2023-11-05 18:42:20.754000+00:00,9205,2023,Carlos SAINZ,Williams
10,7,2023-11-05 18:42:22.832000+00:00,9205,2023,Pierre GASLY,Alpine
44,8,2023-11-05 18:42:25.473000+00:00,9205,2023,Lewis HAMILTON,Ferrari
22,9,2023-11-05 18:43:53.784000+00:00,9205,2023,Yuki TSUNODA,Red Bull Racing
31,10,2023-11-05 18:44:01.722000+00:00,9205,2023,Esteban OCON,Haas F1 Team
2,11,2023-11-05 18:44:07.159000+00:00,9205,2023,Logan SARGEANT,Williams
27,12,2023-11-05 18:45:37.533000+00:00,9205,2023,Nico HULKENBERG,Kick Sauber
3,13,2023-11-05 18:46:24.610000+00:00,9205,2023,Daniel RICCIARDO,RB
63,15,2023-11-05 18:46:33.001000+00:00,9205,2023,George RUSSELL,Mercedes
81,14,2023-11-05 18:46:33.001000+00:00,9205,2023,Oscar PIASTRI,McLaren
1,1,2023-11-05 18:46:38.298000+00:00,9205,2023,Max VERSTAPPEN,Red Bull Racing
4,2,2023-11-05 18:46:38.298000+00:00,9205,2023,Lando NORRIS,McLaren
11,4,2023-11-05 19:00:46.163000+00:00,9205,2023,Sergio PEREZ,Red Bull Racing
14,3,2023-11-05 19:00:46.163000+00:00,9205,2023,Fernando ALONSO,Aston Martin
4,20,2023-11-19 06:11:10.173000+00:00,9189,2023,Lando NORRIS,McLaren
1,1,2023-11-19 07:12:23.202000+00:00,9189,2023,Max VERSTAPPEN,Red Bull Racing
23,12,2023-11-19 07:17:31.259000+00:00,9189,2023,Alexander ALBON,Williams
14,9,2023-11-19 07:27:11.280000+00:00,9189,2023,Fernando ALONSO,Aston Martin
20,13,2023-11-19 07:27:27.592000+00:00,9189,2023,Kevin MAGNUSSEN,Haas F1 Team
2,16,2023-11-19 07:27:31.170000+00:00,9189,2023,Logan SARGEANT,Williams
27,19,2023-11-19 07:28:04.169000+00:00,9189,2023,Nico HULKENBERG,Kick Sauber
77,17,2023-11-19 07:29:43.402000+00:00,9189,2023,Valtteri BOTTAS,Kick Sauber
22,18,2023-11-19 07:29:43.402000+00:00,9189,2023,Yuki TSUNODA,Red Bull Racing
10,11,2023-11-19 07:30:31.073000+00:00,9189,2023,Pierre GASLY,Alpine
81,10,2023-11-19 07:30:31.073000+00:00,9189,2023,Oscar PIASTRI,McLaren
3,14,2023-11-19 07:32:25.009000+00:00,9189,2023,Daniel RICCIARDO,RB
24,15,2023-11-19 07:32:25.009000+00:00,9189,2023,ZHOU Guanyu,Kick Sauber
16,2,2023-11-19 07:33:15.742000+00:00,9189,2023,Charles LECLERC,Ferrari
11,3,2023-11-19 07:33:15.742000+00:00,9189,2023,Sergio PEREZ,Red Bull Racing
31,4,2023-11-19 07:33:32.929000+00:00,9189,2023,Esteban OCON,Haas F1 Team
18,5,2023-11-19 07:33:33.742000+00:00,9189,2023,Lance STROLL,Aston Martin
55,6,2023-11-19 07:33:34.523000+00:00,9189,2023,Carlos SAINZ,Williams
44,7,2023-11-19 07:33:35.367000+00:00,9189,2023,Lewis HAMILTON,Ferrari
63,8,2023-11-19 07:33:35.367000+00:00,9189,2023,George RUSSELL,Mercedes
1,1,2023-11-26 13:38:25.932000+00:00,9197,2023,Max VERSTAPPEN,Red Bull Racing
44,9,2023-11-26 14:14:54.594000+00:00,9197,2023,Lewis HAMILTON,Ferrari
20,20,2023-11-26 14:15:36.141000+00:00,9197,2023,Kevin MAGNUSSEN,Haas F1 Team
4,5,2023-11-26 14:16:05.250000+00:00,9197,2023,Lando NORRIS,McLaren
81,6,2023-11-26 14:16:12.937000+00:00,9197,2023,Oscar PIASTRI,McLaren
77,19,2023-11-26 14:20:03.935000+00:00,9197,2023,Valtteri BOTTAS,Kick Sauber
14,7,2023-11-26 14:28:10.382000+00:00,9197,2023,Fernando ALONSO,Aston Martin
22,8,2023-11-26 14:28:10.382000+00:00,9197,2023,Yuki TSUNODA,Red Bull Racing
18,10,2023-11-26 14:28:25.070000+00:00,9197,2023,Lance STROLL,Aston Martin
3,11,2023-11-26 14:29:55.881000+00:00,9197,2023,Daniel RICCIARDO,RB
31,12,2023-11-26 14:30:04.412000+00:00,9197,2023,Esteban OCON,Haas F1 Team
10,13,2023-11-26 14:30:09.428000+00:00,9197,2023,Pierre GASLY,Alpine
23,14,2023-11-26 14:30:13.068000+00:00,9197,2023,Alexander ALBON,Williams
11,4,2023-11-26 14:31:51.505000+00:00,9197,2023,Sergio PEREZ,Red Bull Racing
16,2,2023-11-26 14:31:51.505000+00:00,9197,2023,Charles LECLERC,Ferrari
63,3,2023-11-26 14:31:51.505000+00:00,9197,2023,George RUSSELL,Mercedes
27,15,2023-11-26 14:31:52.348000+00:00,9197,2023,Nico HULKENBERG,Kick Sauber
2,16,2023-11-26 14:31:56.411000+00:00,9197,2023,Logan SARGEANT,Williams
24,17,2023-11-26 14:31:58.114000+00:00,9197,2023,ZHOU Guanyu,Kick Sauber
55,18,2023-11-26 14:31:58.114000+00:00,9197,2023,Carlos SAINZ,Williams
1,1,2024-03-02 14:03:47.739000+00:00,9472,2024,Max VERSTAPPEN,Red Bull Racing
2,20,2024-03-02 15:20:49.151000+00:00,9472,2024,Logan SARGEANT,Williams
11,2,2024-03-02 15:30:05.086000+00:00,9472,2024,Sergio PEREZ,Red Bull Racing
55,3,2024-03-02 15:33:20.251000+00:00,9472,2024,Carlos SAINZ,Williams
77,19,2024-03-02 15:55:17.012000+00:00,9472,2024,Valtteri BOTTAS,Kick Sauber
4,6,2024-03-02 16:02:48.969000+00:00,9472,2024,Lando NORRIS,McLaren
20,12,2024-03-02 16:06:35.380000+00:00,9472,2024,Kevin MAGNUSSEN,Haas F1 Team
44,7,2024-03-02 16:07:39.415000+00:00,9472,2024,Lewis HAMILTON,Ferrari
81,8,2024-03-02 16:09:17.635000+00:00,9472,2024,Oscar PIASTRI,McLaren
23,15,2024-03-02 16:13:09.368000+00:00,9472,2024,Alexander ALBON,Williams
24,11,2024-03-02 16:16:07.645000+00:00,9472,2024,ZHOU Guanyu,Kick Sauber
10,18,2024-03-02 16:16:39.522000+00:00,9472,2024,Pierre GASLY,Alpine
16,4,2024-03-02 16:18:36.521000+00:00,9472,2024,Charles LECLERC,Ferrari
63,5,2024-03-02 16:18:36.521000+00:00,9472,2024,George RUSSELL,Mercedes
14,9,2024-03-02 16:22:27.126000+00:00,9472,2024,Fernando ALONSO,Aston Martin
18,10,2024-03-02 16:22:27.126000+00:00,9472,2024,Lance STROLL,Aston Martin
27,16,2024-03-02 16:26:10.559000+00:00,9472,2024,Nico HULKENBERG,Kick Sauber
31,17,2024-03-02 16:26:10.559000+00:00,9472,2024,Esteban OCON,Haas F1 Team
3,13,2024-03-02 16:29:07.991000+00:00,9472,2024,Daniel RICCIARDO,RB
22,14,2024-03-02 16:29:07.991000+00:00,9472,2024,Yuki TSUNODA,Red Bull Racing
10,20,2024-03-09 17:04:43.552000+00:00,9480,2024,Pierre GASLY,Alpine
18,19,2024-03-09 17:13:50.783000+00:00,9480,2024,Lance STROLL,Aston Martin
1,1,2024-03-09 17:27:32.604000+00:00,9480,2024,Max VERSTAPPEN,Red Bull Racing
11,2,2024-03-09 17:35:24.176000+00:00,9480,2024,Sergio PEREZ,Red Bull Racing
16,3,2024-03-09 17:49:29.995000+00:00,9480,2024,Charles LECLERC,Ferrari
44,9,2024-03-09 18:05:22.115000+00:00,9480,2024,Lewis HAMILTON,Ferrari
81,4,2024-03-09 18:06:43.913000+00:00,9480,2024,Oscar PIASTRI,McLaren
14,5,2024-03-09 18:06:47.952000+00:00,9480,2024,Fernando ALONSO,Aston Martin
63,6,2024-03-09 18:06:49.393000+00:00,9480,2024,George RUSSELL,Mercedes
4,8,2024-03-09 18:06:54.734000+00:00,9480,2024,Lando NORRIS,McLaren
38,7,2024-03-09 18:06:54.734000+00:00,9480,2024,Dino BEGANOVIC,Ferrari
27,10,2024-03-09 18:13:39.165000+00:00,9480,2024,Nico HULKENBERG,Kick Sauber
3,16,2024-03-09 18:13:56.524000+00:00,9480,2024,Daniel RICCIARDO,RB
24,18,2024-03-09 18:14:13.191000+00:00,9480,2024,ZHOU Guanyu,Kick Sauber
77,17,2024-03-09 18:14:13.191000+00:00,9480,2024,Valtteri BOTTAS,Kick Sauber
2,15,2024-03-09 18:26:08.367000+00:00,9480,2024,Logan SARGEANT,Williams
22,14,2024-03-09 18:26:08.367000+00:00,9480,2024,Yuki TSUNODA,Red Bull Racing
31,13,2024-03-09 18:26:08.367000+00:00,9480,2024,Esteban OCON,Haas F1 Team
20,12,2024-03-09 18:26:11.181000+00:00,9480,2024,Kevin MAGNUSSEN,Haas F1 Team
23,11,2024-03-09 18:26:11.181000+00:00,9480,2024,Alexander ALBON,Williams
55,1,2024-03-24 04:06:04.021000+00:00,9488,2024,Carlos SAINZ,Williams
1,19,2024-03-24 04:09:03.825000+00:00,9488,2024,Max VERSTAPPEN,Red Bull Racing
44,18,2024-03-24 04:26:29.472000+00:00,9488,2024,Lewis HAMILTON,Ferrari
4,3,2024-03-24 05:00:25.180000+00:00,9488,2024,Lando NORRIS,McLaren
16,2,2024-03-24 05:00:25.180000+00:00,9488,2024,Charles LECLERC,Ferrari
81,4,2024-03-24 05:00:38.246000+00:00,9488,2024,Oscar PIASTRI,McLaren
11,5,2024-03-24 05:06:11.891000+00:00,9488,2024,Sergio PEREZ,Red Bull Racing
14,6,2024-03-24 05:07:47.569000+00:00,9488,2024,Fernando ALONSO,Aston Martin
18,7,2024-03-24 05:23:13.057000+00:00,9488,2024,Lance STROLL,Aston Martin
22,8,2024-03-24 05:23:21.174000+00:00,9488,2024,Yuki TSUNODA,Red Bull Racing
27,9,2024-03-24 05:23:34.976000+00:00,9488,2024,Nico HULKENBERG,Kick Sauber
20,10,2024-03-24 05:23:43.751000+00:00,9488,2024,Kevin MAGNUSSEN,Haas F1 Team
23,11,2024-03-24 05:23:44.570000+00:00,9488,2024,Alexander ALBON,Williams
3,12,2024-03-24 05:23:51.161000+00:00,9488,2024,Daniel RICCIARDO,RB
10,13,2024-03-24 05:24:15.566000+00:00,9488,2024,Pierre GASLY,Alpine
77,14,2024-03-24 05:24:21.984000+00:00,9488,2024,Valtteri BOTTAS,Kick Sauber
24,15,2024-03-24 05:24:24+00:00,9488,2024,ZHOU Guanyu,Kick Sauber
31,16,2024-03-24 05:24:33.596000+00:00,9488,2024,Esteban OCON,Haas F1 Team
63,17,2024-03-24 05:24:33.596000+00:00,9488,2024,George RUSSELL,Mercedes
23,20,2024-04-07 05:04:24.774000+00:00,9496,2024,Alexander ALBON,Williams
3,19,2024-04-07 05:04:24.774000+00:00,9496,2024,Daniel RICCIARDO,RB
24,18,2024-04-07 05:46:00.583000+00:00,9496,2024,ZHOU Guanyu,Kick Sauber
22,10,2024-04-07 06:27:19.587000+00:00,9496,2024,Yuki TSUNODA,Red Bull Racing
1,1,2024-04-07 06:31:15.611000+00:00,9496,2024,Max VERSTAPPEN,Red Bull Racing
11,2,2024-04-07 06:32:58.208000+00:00,9496,2024,Sergio PEREZ,Red Bull Racing
14,6,2024-04-07 06:38:04.307000+00:00,9496,2024,Fernando ALONSO,Aston Martin
44,9,2024-04-07 06:38:12.826000+00:00,9496,2024,Lewis HAMILTON,Ferrari
31,15,2024-04-07 06:40:56.976000+00:00,9496,2024,Esteban OCON,Haas F1 Team
2,17,2024-04-07 06:41:07.852000+00:00,9496,2024,Logan SARGEANT,Williams
10,16,2024-04-07 06:41:07.852000+00:00,9496,2024,Pierre GASLY,Alpine
4,5,2024-04-07 06:44:13.337000+00:00,9496,2024,Lando NORRIS,McLaren
55,3,2024-04-07 06:47:22.277000+00:00,9496,2024,Carlos SAINZ,Williams
16,4,2024-04-07 06:47:22.277000+00:00,9496,2024,Charles LECLERC,Ferrari
77,14,2024-04-07 06:48:37.550000+00:00,9496,2024,Valtteri BOTTAS,Kick Sauber
20,13,2024-04-07 06:51:50.093000+00:00,9496,2024,Kevin MAGNUSSEN,Haas F1 Team
18,12,2024-04-07 06:58:13.256000+00:00,9496,2024,Lance STROLL,Aston Martin
27,11,2024-04-07 06:58:13.256000+00:00,9496,2024,Nico HULKENBERG,Kick Sauber
63,7,2024-04-07 06:58:51.961000+00:00,9496,2024,George RUSSELL,Mercedes
81,8,2024-04-07 06:58:51.961000+00:00,9496,2024,Oscar PIASTRI,McLaren
1,1,2024-04-20 03:19:15.208000+00:00,9672,2024,Max VERSTAPPEN,Red Bull Racing
44,2,2024-04-20 03:19:15.208000+00:00,9672,2024,Lewis HAMILTON,Ferrari
11,3,2024-04-20 03:31:17.227000+00:00,9672,2024,Sergio PEREZ,Red Bull Racing
4,6,2024-04-20 03:31:19.962000+00:00,9672,2024,Lando NORRIS,McLaren
81,7,2024-04-20 03:31:23.818000+00:00,9672,2024,Oscar PIASTRI,McLaren
16,4,2024-04-20 03:33:00.632000+00:00,9672,2024,Charles LECLERC,Ferrari
55,5,2024-04-20 03:33:00.632000+00:00,9672,2024,Carlos SAINZ,Williams
63,8,2024-04-20 03:33:08.063000+00:00,9672,2024,George RUSSELL,Mercedes
24,9,2024-04-20 03:33:12.833000+00:00,9672,2024,ZHOU Guanyu,Kick Sauber
20,10,2024-04-20 03:33:15.599000+00:00,9672,2024,Kevin MAGNUSSEN,Haas F1 Team
3,11,2024-04-20 03:33:16.680000+00:00,9672,2024,Daniel RICCIARDO,RB
77,12,2024-04-20 03:33:18.565000+00:00,9672,2024,Valtteri BOTTAS,Kick Sauber
10,15,2024-04-20 03:33:21.461000+00:00,9672,2024,Pierre GASLY,Alpine
22,16,2024-04-20 03:33:22.045000+00:00,9672,2024,Yuki TSUNODA,Red Bull Racing
23,17,2024-04-20 03:33:23.702000+00:00,9672,2024,Alexander ALBON,Williams
2,18,2024-04-20 03:33:27.331000+00:00,9672,2024,Logan SARGEANT,Williams
14,20,2024-04-20 03:33:28.798000+00:00,9672,2024,Fernando ALONSO,Aston Martin
27,19,2024-04-20 03:33:28.798000+00:00,9672,2024,Nico HULKENBERG,Kick Sauber
18,14,2024-04-20 03:36:47.441000+00:00,9672,2024,Lance STROLL,Aston Martin
31,13,2024-04-20 03:36:47.441000+00:00,9672,2024,Esteban OCON,Haas F1 Team
1,1,2024-04-21 07:35:54.472000+00:00,9673,2024,Max VERSTAPPEN,Red Bull Racing
77,20,2024-04-21 07:38:39.608000+00:00,9673,2024,Valtteri BOTTAS,Kick Sauber
4,2,2024-04-21 07:46:34.829000+00:00,9673,2024,Lando NORRIS,McLaren
22,19,2024-04-21 07:55:29.940000+00:00,9673,2024,Yuki TSUNODA,Red Bull Racing
3,18,2024-04-21 08:06:43.549000+00:00,9673,2024,Daniel RICCIARDO,RB
16,4,2024-04-21 08:16:29.508000+00:00,9673,2024,Charles LECLERC,Ferrari
11,3,2024-04-21 08:16:29.508000+00:00,9673,2024,Sergio PEREZ,Red Bull Racing
55,5,2024-04-21 08:23:19.118000+00:00,9673,2024,Carlos SAINZ,Williams
63,6,2024-04-21 08:23:20.760000+00:00,9673,2024,George RUSSELL,Mercedes
23,12,2024-04-21 08:26:56.282000+00:00,9673,2024,Alexander ALBON,Williams
31,11,2024-04-21 08:28:35.748000+00:00,9673,2024,Esteban OCON,Haas F1 Team
27,10,2024-04-21 08:30:15.645000+00:00,9673,2024,Nico HULKENBERG,Kick Sauber
14,7,2024-04-21 08:33:34.837000+00:00,9673,2024,Fernando ALONSO,Aston Martin
44,9,2024-04-21 08:33:34.837000+00:00,9673,2024,Lewis HAMILTON,Ferrari
81,8,2024-04-21 08:33:34.837000+00:00,9673,2024,Oscar PIASTRI,McLaren
10,13,2024-04-21 08:40:36.662000+00:00,9673,2024,Pierre GASLY,Alpine
24,14,2024-04-21 08:40:38.201000+00:00,9673,2024,ZHOU Guanyu,Kick Sauber
2,17,2024-04-21 08:44:11.137000+00:00,9673,2024,Logan SARGEANT,Williams
18,15,2024-04-21 08:46:16.562000+00:00,9673,2024,Lance STROLL,Aston Martin
20,16,2024-04-21 08:46:16.562000+00:00,9673,2024,Kevin MAGNUSSEN,Haas F1 Team
1,1,2024-05-04 15:20:02.064000+00:00,9506,2024,Max VERSTAPPEN,Red Bull Racing
81,6,2024-05-04 15:20:02.064000+00:00,9506,2024,Oscar PIASTRI,McLaren
55,5,2024-05-04 15:20:02.064000+00:00,9506,2024,Carlos SAINZ,Williams
16,2,2024-05-04 15:20:02.064000+00:00,9506,2024,Charles LECLERC,Ferrari
27,7,2024-05-04 16:04:17.113000+00:00,9506,2024,Nico HULKENBERG,Kick Sauber
4,20,2024-05-04 16:04:23.418000+00:00,9506,2024,Lando NORRIS,McLaren
18,19,2024-05-04 16:04:23.418000+00:00,9506,2024,Lance STROLL,Aston Martin
3,4,2024-05-04 16:13:58.679000+00:00,9506,2024,Daniel RICCIARDO,RB
11,3,2024-05-04 16:13:58.679000+00:00,9506,2024,Sergio PEREZ,Red Bull Racing
14,17,2024-05-04 16:37:51.051000+00:00,9506,2024,Fernando ALONSO,Aston Martin
20,18,2024-05-04 16:37:51.051000+00:00,9506,2024,Kevin MAGNUSSEN,Haas F1 Team
31,15,2024-05-04 16:39:15.488000+00:00,9506,2024,Esteban OCON,Haas F1 Team
44,16,2024-05-04 16:39:15.488000+00:00,9506,2024,Lewis HAMILTON,Ferrari
24,11,2024-05-04 16:39:15.488000+00:00,9506,2024,ZHOU Guanyu,Kick Sauber
63,12,2024-05-04 16:39:15.488000+00:00,9506,2024,George RUSSELL,Mercedes
22,8,2024-05-04 16:39:15.488000+00:00,9506,2024,Yuki TSUNODA,Red Bull Racing
10,9,2024-05-04 16:39:15.488000+00:00,9506,2024,Pierre GASLY,Alpine
2,10,2024-05-04 16:39:15.488000+00:00,9506,2024,Logan SARGEANT,Williams
23,13,2024-05-04 16:39:15.488000+00:00,9506,2024,Alexander ALBON,Williams
77,14,2024-05-04 16:39:15.488000+00:00,9506,2024,Valtteri BOTTAS,Kick Sauber
23,20,2024-05-19 13:16:21.376000+00:00,9515,2024,Alexander ALBON,Williams
1,1,2024-05-19 13:41:36.878000+00:00,9515,2024,Max VERSTAPPEN,Red Bull Racing
4,2,2024-05-19 13:41:42.909000+00:00,9515,2024,Lando NORRIS,McLaren
16,3,2024-05-19 13:41:46.551000+00:00,9515,2024,Charles LECLERC,Ferrari
81,4,2024-05-19 13:41:47.919000+00:00,9515,2024,Oscar PIASTRI,McLaren
55,5,2024-05-19 13:44:34.922000+00:00,9515,2024,Carlos SAINZ,Williams
11,8,2024-05-19 14:01:27.640000+00:00,9515,2024,Sergio PEREZ,Red Bull Racing
27,11,2024-05-19 14:07:01.542000+00:00,9515,2024,Nico HULKENBERG,Kick Sauber
18,9,2024-05-19 14:12:26.002000+00:00,9515,2024,Lance STROLL,Aston Martin
22,10,2024-05-19 14:12:26.002000+00:00,9515,2024,Yuki TSUNODA,Red Bull Racing
44,6,2024-05-19 14:14:26.345000+00:00,9515,2024,Lewis HAMILTON,Ferrari
63,7,2024-05-19 14:14:26.345000+00:00,9515,2024,George RUSSELL,Mercedes
31,14,2024-05-19 14:25:20.267000+00:00,9515,2024,Esteban OCON,Haas F1 Team
14,19,2024-05-19 14:25:23.884000+00:00,9515,2024,Fernando ALONSO,Aston Martin
24,15,2024-05-19 14:26:44.225000+00:00,9515,2024,ZHOU Guanyu,Kick Sauber
10,16,2024-05-19 14:28:10.207000+00:00,9515,2024,Pierre GASLY,Alpine
2,17,2024-05-19 14:28:12.180000+00:00,9515,2024,Logan SARGEANT,Williams
77,18,2024-05-19 14:28:12.180000+00:00,9515,2024,Valtteri BOTTAS,Kick Sauber
3,13,2024-05-19 14:29:08.720000+00:00,9515,2024,Daniel RICCIARDO,RB
20,12,2024-05-19 14:29:08.720000+00:00,9515,2024,Kevin MAGNUSSEN,Haas F1 Team
10,20,2024-07-07 14:03:56.625000+00:00,9558,2024,Pierre GASLY,Alpine
27,6,2024-07-07 14:58:11.220000+00:00,9558,2024,Nico HULKENBERG,Kick Sauber
18,7,2024-07-07 14:58:14.561000+00:00,9558,2024,Lance STROLL,Aston Martin
14,8,2024-07-07 14:58:23.340000+00:00,9558,2024,Fernando ALONSO,Aston Martin
24,18,2024-07-07 15:01:00.334000+00:00,9558,2024,ZHOU Guanyu,Kick Sauber
63,19,2024-07-07 15:01:00.334000+00:00,9558,2024,George RUSSELL,Mercedes
3,13,2024-07-07 15:05:30.301000+00:00,9558,2024,Daniel RICCIARDO,RB
44,1,2024-07-07 15:07:43.491000+00:00,9558,2024,Lewis HAMILTON,Ferrari
55,5,2024-07-07 15:08:00.253000+00:00,9558,2024,Carlos SAINZ,Williams
81,4,2024-07-07 15:08:00.253000+00:00,9558,2024,Oscar PIASTRI,McLaren
2,11,2024-07-07 15:14:58.841000+00:00,9558,2024,Logan SARGEANT,Williams
20,12,2024-07-07 15:14:58.841000+00:00,9558,2024,Kevin MAGNUSSEN,Haas F1 Team
22,10,2024-07-07 15:16:18.435000+00:00,9558,2024,Yuki TSUNODA,Red Bull Racing
23,9,2024-07-07 15:16:18.435000+00:00,9558,2024,Alexander ALBON,Williams
1,2,2024-07-07 15:19:44.252000+00:00,9558,2024,Max VERSTAPPEN,Red Bull Racing
4,3,2024-07-07 15:19:44.252000+00:00,9558,2024,Lando NORRIS,McLaren
11,17,2024-07-07 15:22:48.056000+00:00,9558,2024,Sergio PEREZ,Red Bull Racing
31,16,2024-07-07 15:22:48.056000+00:00,9558,2024,Esteban OCON,Haas F1 Team
16,14,2024-07-07 15:24:48.817000+00:00,9558,2024,Charles LECLERC,Ferrari
77,15,2024-07-07 15:24:48.817000+00:00,9558,2024,Valtteri BOTTAS,Kick Sauber
24,20,2024-08-25 13:28:17.229000+00:00,9582,2024,ZHOU Guanyu,Kick Sauber
4,1,2024-08-25 13:45:24.032000+00:00,9582,2024,Lando NORRIS,McLaren
44,8,2024-08-25 13:45:53.079000+00:00,9582,2024,Lewis HAMILTON,Ferrari
1,2,2024-08-25 13:46:45.894000+00:00,9582,2024,Max VERSTAPPEN,Red Bull Racing
16,3,2024-08-25 13:46:51.234000+00:00,9582,2024,Charles LECLERC,Ferrari
81,4,2024-08-25 13:54:26.226000+00:00,9582,2024,Oscar PIASTRI,McLaren
77,19,2024-08-25 14:00:34.007000+00:00,9582,2024,Valtteri BOTTAS,Kick Sauber
55,5,2024-08-25 14:12:02.466000+00:00,9582,2024,Carlos SAINZ,Williams
11,6,2024-08-25 14:13:20.840000+00:00,9582,2024,Sergio PEREZ,Red Bull Racing
63,7,2024-08-25 14:13:20.840000+00:00,9582,2024,George RUSSELL,Mercedes
20,18,2024-08-25 14:17:09.031000+00:00,9582,2024,Kevin MAGNUSSEN,Haas F1 Team
22,17,2024-08-25 14:18:25.032000+00:00,9582,2024,Yuki TSUNODA,Red Bull Racing
2,16,2024-08-25 14:18:25.032000+00:00,9582,2024,Logan SARGEANT,Williams
10,9,2024-08-25 14:20:17.086000+00:00,9582,2024,Pierre GASLY,Alpine
14,10,2024-08-25 14:24:07.156000+00:00,9582,2024,Fernando ALONSO,Aston Martin
27,11,2024-08-25 14:24:07.156000+00:00,9582,2024,Nico HULKENBERG,Kick Sauber
23,14,2024-08-25 14:32:09.369000+00:00,9582,2024,Alexander ALBON,Williams
31,15,2024-08-25 14:32:09.369000+00:00,9582,2024,Esteban OCON,Haas F1 Team
3,12,2024-08-25 14:34:21.292000+00:00,9582,2024,Daniel RICCIARDO,RB
18,13,2024-08-25 14:34:21.292000+00:00,9582,2024,Lance STROLL,Aston Martin
22,20,2024-09-15 11:29:00.169000+00:00,9598,2024,Yuki TSUNODA,Red Bull Racing
81,1,2024-09-15 11:40:46.953000+00:00,9598,2024,Oscar PIASTRI,McLaren
18,19,2024-09-15 12:27:20.832000+00:00,9598,2024,Lance STROLL,Aston Martin
16,2,2024-09-15 12:31:04.196000+00:00,9598,2024,Charles LECLERC,Ferrari
63,3,2024-09-15 12:35:07.612000+00:00,9598,2024,George RUSSELL,Mercedes
4,4,2024-09-15 12:35:13.252000+00:00,9598,2024,Lando NORRIS,McLaren
1,5,2024-09-15 12:35:53.032000+00:00,9598,2024,Max VERSTAPPEN,Red Bull Racing
14,6,2024-09-15 12:36:02.429000+00:00,9598,2024,Fernando ALONSO,Aston Martin
23,7,2024-09-15 12:36:03.933000+00:00,9598,2024,Alexander ALBON,Williams
43,8,2024-09-15 12:36:05.747000+00:00,9598,2024,Franco COLAPINTO,Alpine
44,9,2024-09-15 12:36:07.813000+00:00,9598,2024,Lewis HAMILTON,Ferrari
50,10,2024-09-15 12:36:09.068000+00:00,9598,2024,Ryo HIRAKAWA,Haas F1 Team
27,11,2024-09-15 12:36:10.980000+00:00,9598,2024,Nico HULKENBERG,Kick Sauber
10,12,2024-09-15 12:36:21.942000+00:00,9598,2024,Pierre GASLY,Alpine
3,13,2024-09-15 12:37:01.905000+00:00,9598,2024,Daniel RICCIARDO,RB
24,14,2024-09-15 12:37:05.348000+00:00,9598,2024,ZHOU Guanyu,Kick Sauber
31,15,2024-09-15 12:37:30.617000+00:00,9598,2024,Esteban OCON,Haas F1 Team
55,18,2024-09-15 12:37:34.597000+00:00,9598,2024,Carlos SAINZ,Williams
11,17,2024-09-15 12:37:34.597000+00:00,9598,2024,Sergio PEREZ,Red Bull Racing
77,16,2024-09-15 12:37:34.597000+00:00,9598,2024,Valtteri BOTTAS,Kick Sauber
1,1,2024-10-19 17:17:54.722000+00:00,9616,2024,Max VERSTAPPEN,Red Bull Racing
44,6,2024-10-19 18:04:20.689000+00:00,9616,2024,Lewis HAMILTON,Ferrari
10,14,2024-10-19 18:10:40.323000+00:00,9616,2024,Pierre GASLY,Alpine
20,7,2024-10-19 18:13:53.208000+00:00,9616,2024,Kevin MAGNUSSEN,Haas F1 Team
30,16,2024-10-19 18:14:03.072000+00:00,9616,2024,Liam LAWSON,Racing Bulls
31,15,2024-10-19 18:14:03.072000+00:00,9616,2024,Esteban OCON,Haas F1 Team
27,8,2024-10-19 18:15:34.188000+00:00,9616,2024,Nico HULKENBERG,Kick Sauber
18,13,2024-10-19 18:15:37.859000+00:00,9616,2024,Lance STROLL,Aston Martin
16,4,2024-10-19 18:20:20.668000+00:00,9616,2024,Charles LECLERC,Ferrari
63,5,2024-10-19 18:20:20.668000+00:00,9616,2024,George RUSSELL,Mercedes
11,9,2024-10-19 18:23:55.045000+00:00,9616,2024,Sergio PEREZ,Red Bull Racing
43,12,2024-10-19 18:23:56.264000+00:00,9616,2024,Franco COLAPINTO,Alpine
23,17,2024-10-19 18:25:44.797000+00:00,9616,2024,Alexander ALBON,Williams
14,18,2024-10-19 18:25:44.797000+00:00,9616,2024,Fernando ALONSO,Aston Martin
4,3,2024-10-19 18:35:01.793000+00:00,9616,2024,Lando NORRIS,McLaren
55,2,2024-10-19 18:35:01.793000+00:00,9616,2024,Carlos SAINZ,Williams
22,11,2024-10-19 18:35:29.908000+00:00,9616,2024,Yuki TSUNODA,Red Bull Racing
81,10,2024-10-19 18:35:29.908000+00:00,9616,2024,Oscar PIASTRI,McLaren
24,19,2024-10-19 18:35:50.796000+00:00,9616,2024,ZHOU Guanyu,Kick Sauber
77,20,2024-10-19 18:35:50.796000+00:00,9616,2024,Valtteri BOTTAS,Kick Sauber
22,20,2024-10-27 20:04:17.048000+00:00,9625,2024,Yuki TSUNODA,Red Bull Racing
23,19,2024-10-27 20:04:17.048000+00:00,9625,2024,Alexander ALBON,Williams
55,1,2024-10-27 20:20:23.294000+00:00,9625,2024,Carlos SAINZ,Williams
14,18,2024-10-27 20:30:26.672000+00:00,9625,2024,Fernando ALONSO,Aston Martin
1,6,2024-10-27 21:02:11.521000+00:00,9625,2024,Max VERSTAPPEN,Red Bull Racing
20,7,2024-10-27 21:03:39.450000+00:00,9625,2024,Kevin MAGNUSSEN,Haas F1 Team
10,10,2024-10-27 21:14:48.136000+00:00,9625,2024,Pierre GASLY,Alpine
18,11,2024-10-27 21:16:17.881000+00:00,9625,2024,Lance STROLL,Aston Martin
81,8,2024-10-27 21:25:28.092000+00:00,9625,2024,Oscar PIASTRI,McLaren
27,9,2024-10-27 21:25:28.092000+00:00,9625,2024,Nico HULKENBERG,Kick Sauber
4,2,2024-10-27 21:33:54.820000+00:00,9625,2024,Lando NORRIS,McLaren
16,3,2024-10-27 21:33:54.820000+00:00,9625,2024,Charles LECLERC,Ferrari
43,12,2024-10-27 21:38:11.278000+00:00,9625,2024,Franco COLAPINTO,Alpine
44,4,2024-10-27 21:38:31.796000+00:00,9625,2024,Lewis HAMILTON,Ferrari
63,5,2024-10-27 21:38:31.796000+00:00,9625,2024,George RUSSELL,Mercedes
24,15,2024-10-27 21:44:09.769000+00:00,9625,2024,ZHOU Guanyu,Kick Sauber
11,17,2024-10-27 21:44:10.292000+00:00,9625,2024,Sergio PEREZ,Red Bull Racing
30,16,2024-10-27 21:44:10.292000+00:00,9625,2024,Liam LAWSON,Racing Bulls
31,13,2024-10-27 21:45:10.589000+00:00,9625,2024,Esteban OCON,Haas F1 Team
77,14,2024-10-27 21:45:10.589000+00:00,9625,2024,Valtteri BOTTAS,Kick Sauber
63,1,2024-11-24 06:27:06.370000+00:00,9644,2024,George RUSSELL,Mercedes
10,20,2024-11-24 06:31:05.936000+00:00,9644,2024,Pierre GASLY,Alpine
23,19,2024-11-24 06:47:47.312000+00:00,9644,2024,Alexander ALBON,Williams
44,2,2024-11-24 06:56:57.852000+00:00,9644,2024,Lewis HAMILTON,Ferrari
4,6,2024-11-24 06:58:53.019000+00:00,9644,2024,Lando NORRIS,McLaren
81,7,2024-11-24 07:00:40.705000+00:00,9644,2024,Oscar PIASTRI,McLaren
77,18,2024-11-24 07:02:44.862000+00:00,9644,2024,Valtteri BOTTAS,Kick Sauber
20,12,2024-11-24 07:10:42.796000+00:00,9644,2024,Kevin MAGNUSSEN,Haas F1 Team
55,3,2024-11-24 07:11:32.263000+00:00,9644,2024,Carlos SAINZ,Williams
22,9,2024-11-24 07:17:04.629000+00:00,9644,2024,Yuki TSUNODA,Red Bull Racing
27,8,2024-11-24 07:17:04.629000+00:00,9644,2024,Nico HULKENBERG,Kick Sauber
11,10,2024-11-24 07:18:44.410000+00:00,9644,2024,Sergio PEREZ,Red Bull Racing
14,11,2024-11-24 07:18:44.410000+00:00,9644,2024,Fernando ALONSO,Aston Martin
18,15,2024-11-24 07:19:03.924000+00:00,9644,2024,Lance STROLL,Aston Martin
1,5,2024-11-24 07:19:34.833000+00:00,9644,2024,Max VERSTAPPEN,Red Bull Racing
16,4,2024-11-24 07:19:34.833000+00:00,9644,2024,Charles LECLERC,Ferrari
30,16,2024-11-24 07:20:48.204000+00:00,9644,2024,Liam LAWSON,Racing Bulls
31,17,2024-11-24 07:20:48.204000+00:00,9644,2024,Esteban OCON,Haas F1 Team
24,13,2024-11-24 07:27:00.463000+00:00,9644,2024,ZHOU Guanyu,Kick Sauber
43,14,2024-11-24 07:27:00.463000+00:00,9644,2024,Franco COLAPINTO,Alpine
55,4,2024-11-30 13:19:25.584000+00:00,9654,2024,Carlos SAINZ,Williams
63,3,2024-11-30 14:04:02.006000+00:00,9654,2024,George RUSSELL,Mercedes
27,7,2024-11-30 14:04:04.209000+00:00,9654,2024,Nico HULKENBERG,Kick Sauber
18,13,2024-11-30 14:04:06.472000+00:00,9654,2024,Lance STROLL,Aston Martin
31,14,2024-11-30 14:04:06.745000+00:00,9654,2024,Esteban OCON,Haas F1 Team
23,15,2024-11-30 14:04:06.968000+00:00,9654,2024,Alexander ALBON,Williams
77,12,2024-11-30 14:05:02.492000+00:00,9654,2024,Valtteri BOTTAS,Kick Sauber
14,11,2024-11-30 14:10:51.312000+00:00,9654,2024,Fernando ALONSO,Aston Martin
20,10,2024-11-30 14:10:51.312000+00:00,9654,2024,Kevin MAGNUSSEN,Haas F1 Team
30,16,2024-11-30 14:13:50.511000+00:00,9654,2024,Liam LAWSON,Racing Bulls
22,17,2024-11-30 14:13:51.993000+00:00,9654,2024,Yuki TSUNODA,Red Bull Racing
10,9,2024-11-30 14:15:05.557000+00:00,9654,2024,Pierre GASLY,Alpine
1,8,2024-11-30 14:15:05.557000+00:00,9654,2024,Max VERSTAPPEN,Red Bull Racing
43,18,2024-11-30 14:15:20.576000+00:00,9654,2024,Franco COLAPINTO,Alpine
16,5,2024-11-30 14:22:07.206000+00:00,9654,2024,Charles LECLERC,Ferrari
44,6,2024-11-30 14:22:07.206000+00:00,9654,2024,Lewis HAMILTON,Ferrari
11,20,2024-11-30 14:26:00.223000+00:00,9654,2024,Sergio PEREZ,Red Bull Racing
24,19,2024-11-30 14:26:00.223000+00:00,9654,2024,ZHOU Guanyu,Kick Sauber
4,2,2024-11-30 14:30:30.986000+00:00,9654,2024,Lando NORRIS,McLaren
81,1,2024-11-30 14:30:30.986000+00:00,9654,2024,Oscar PIASTRI,McLaren
43,19,2024-12-01 15:08:49.216000+00:00,9655,2024,Franco COLAPINTO,Alpine
31,20,2024-12-01 15:08:49.216000+00:00,9655,2024,Esteban OCON,Haas F1 Team
1,1,2024-12-01 16:04:07.926000+00:00,9655,2024,Max VERSTAPPEN,Red Bull Racing
18,18,2024-12-01 16:17:16.451000+00:00,9655,2024,Lance STROLL,Aston Martin
11,17,2024-12-01 17:07:29.629000+00:00,9655,2024,Sergio PEREZ,Red Bull Racing
27,16,2024-12-01 17:09:29.195000+00:00,9655,2024,Nico HULKENBERG,Kick Sauber
16,2,2024-12-01 17:18:02.750000+00:00,9655,2024,Charles LECLERC,Ferrari
81,3,2024-12-01 17:18:03.951000+00:00,9655,2024,Oscar PIASTRI,McLaren
63,4,2024-12-01 17:19:28.598000+00:00,9655,2024,George RUSSELL,Mercedes
10,5,2024-12-01 17:19:31.724000+00:00,9655,2024,Pierre GASLY,Alpine
55,6,2024-12-01 17:19:32.188000+00:00,9655,2024,Carlos SAINZ,Williams
14,7,2024-12-01 17:19:33.642000+00:00,9655,2024,Fernando ALONSO,Aston Martin
24,8,2024-12-01 17:19:35.914000+00:00,9655,2024,ZHOU Guanyu,Kick Sauber
20,9,2024-12-01 17:23:54.520000+00:00,9655,2024,Kevin MAGNUSSEN,Haas F1 Team
4,10,2024-12-01 17:31:05.857000+00:00,9655,2024,Lando NORRIS,McLaren
77,11,2024-12-01 17:31:05.857000+00:00,9655,2024,Valtteri BOTTAS,Kick Sauber
22,13,2024-12-01 17:34:09.909000+00:00,9655,2024,Yuki TSUNODA,Red Bull Racing
44,12,2024-12-01 17:34:09.909000+00:00,9655,2024,Lewis HAMILTON,Ferrari
23,15,2024-12-01 17:34:14.947000+00:00,9655,2024,Alexander ALBON,Williams
30,14,2024-12-01 17:34:14.947000+00:00,9655,2024,Liam LAWSON,Racing Bulls
4,1,2024-12-08 12:06:56.922000+00:00,9662,2024,Lando NORRIS,McLaren
55,2,2024-12-08 13:03:57.097000+00:00,9662,2024,Carlos SAINZ,Williams
11,20,2024-12-08 13:05:19.062000+00:00,9662,2024,Sergio PEREZ,Red Bull Racing
43,19,2024-12-08 13:08:55.924000+00:00,9662,2024,Franco COLAPINTO,Alpine
20,16,2024-12-08 13:50:05.704000+00:00,9662,2024,Kevin MAGNUSSEN,Haas F1 Team
30,17,2024-12-08 13:50:57.554000+00:00,9662,2024,Liam LAWSON,Racing Bulls
77,18,2024-12-08 13:50:57.554000+00:00,9662,2024,Valtteri BOTTAS,Kick Sauber
16,3,2024-12-08 13:55:19.006000+00:00,9662,2024,Charles LECLERC,Ferrari
27,8,2024-12-08 14:08:56.801000+00:00,9662,2024,Nico HULKENBERG,Kick Sauber
1,6,2024-12-08 14:11:53.509000+00:00,9662,2024,Max VERSTAPPEN,Red Bull Racing
10,7,2024-12-08 14:11:53.509000+00:00,9662,2024,Pierre GASLY,Alpine
14,9,2024-12-08 14:21:12.347000+00:00,9662,2024,Fernando ALONSO,Aston Martin
61,15,2024-12-08 14:21:36.840000+00:00,9662,2024,Jack DOOHAN,Alpine
23,11,2024-12-08 14:24:12.742000+00:00,9662,2024,Alexander ALBON,Williams
81,10,2024-12-08 14:24:12.742000+00:00,9662,2024,Oscar PIASTRI,McLaren
44,4,2024-12-08 14:30:45.324000+00:00,9662,2024,Lewis HAMILTON,Ferrari
63,5,2024-12-08 14:30:45.324000+00:00,9662,2024,George RUSSELL,Mercedes
22,12,2024-12-08 14:31:47.371000+00:00,9662,2024,Yuki TSUNODA,Red Bull Racing
18,14,2024-12-08 14:31:47.371000+00:00,9662,2024,Lance STROLL,Aston Martin
24,13,2024-12-08 14:31:47.371000+00:00,9662,2024,ZHOU Guanyu,Kick Sauber
